Workbook

Sheet CARTA GANTT
B2: CARTA GANTT FOMENTO A LA VINCULACIÓN INTERNACIONAL PARA INSTITUCIONES DE INVESTIGACIÓN CONVOCATORIA 2026
B4: Nombre Institución Beneficiaria | D4: Universidad de Santiago de Chile
B5: Título de la Propuesta | D5: INTEEGRA-Saúde: salud, territorio y sustentabilidad en la atención primaria
B7: *Marque con una X o pinte de color la celda corespondiente al mes en que se realizará cada actividad o se cumplirá el hito establecido para cada objetivo
B9: Objetivo | C9: Actividad/Hito | D9: Fecha de inicio | E9: Fecha de finalización | F9: 1 | G9: 2 | H9: 3 | I9: 4 | J9: 5 | K9: 6 | L9: 7 | M9: 8 | N9: 9 | O9: 10 | P9: 11 | Q9: 12
F10: Mes/Año | G10: Mes/Año | H10: Mes/Año | I10: Mes/Año | J10: Mes/Año | K10: Mes/Año | L10: Mes/Año | M10: Mes/Año | N10: Mes/Año | O10: Mes/Año | P10: Mes/Año | Q10: Mes/Año
B11: Objetivo 1 (OE1): Formalizar y activar la red USACH–UCM–UJPA–IPC–UNESPAR–UNILAB | C11: 1.1 Formalizar acuerdo de colaboración y plan de trabajo entre las seis instituciones | D11: Mes 1 | E11: Mes 3 | F11: X | G11: X | H11: X
C12: 1.2 Reuniones mensuales de coordinación de la red | D12: Mes 1 | E12: Mes 12 | F12: X | G12: X | H12: X | I12: X | J12: X | K12: X | L12: X | M12: X | N12: X | O12: X | P12: X | Q12: X
C13: 1.3 Gestión, seguimiento y rendición mensual de actividades y finanzas | D13: Mes 1 | E13: Mes 12 | F13: X | G13: X | H13: X | I13: X | J13: X | K13: X | L13: X | M13: X | N13: X | O13: X | P13: X | Q13: X
C16: Hito 1: acuerdo y plan de trabajo firmados (mes 3) | D16: Mes 3 | E16: Mes 3 | H16: X
B18: Objetivo 2 (OE2): Co-diseñar y ejecutar el estudio comparado y acotado, con pasantías | C18: 2.1 Diseño del protocolo común y revisión de datos secundarios | D18: Mes 2 | E18: Mes 4 | G18: X | H18: X | I18: X
C19: 2.2 Pasantía en Coimbra (2 integrantes, 7 días): protocolo y SIG | D19: Mes 5 | E19: Mes 5 | J19: X
C20: 2.3 Pasantía en Luanda (2 integrantes, 8 días): terreno con UJPA | D20: Mes 6 | E20: Mes 7 | K20: X | L20: X
C21: 2.4 Análisis geoespacial Santiago y regiones asociadas; datos de Luanda; caso documental Ceará | D21: Mes 6 | E21: Mes 9 | K21: X | L21: X | M21: X | N21: X
C23: Hito 1: protocolo de estudio comparado definido (mes 5) | D23: Mes 5 | E23: Mes 5 | J23: X
C24: Hito 2: primer análisis geoespacial y datos preliminares (mes 9) | D24: Mes 9 | E24: Mes 9 | N24: X
B25: Objetivo 3 (OE3): Impulsar el intercambio de conocimiento: seminarios, visita y taller | C25: 3.1 Seminario virtual 1: APS y territorio | D25: Mes 3 | E25: Mes 3 | H25: X
C26: 3.2 Seminario virtual 2: determinantes sociales y cambio climático | D26: Mes 6 | E26: Mes 6 | K26: X
C27: 3.3 Visita de investigadores de Coimbra y UJPA: ponencias en Santiago | D27: Mes 8 | E27: Mes 9 | M27: X | N27: X
C28: 3.4 Taller presencial en Santiago y jornada territorial en una región asociada | D28: Mes 9 | E28: Mes 9 | N28: X
C29: 3.5 Seminario virtual 3: presentación de resultados | D29: Mes 10 | E29: Mes 10 | O29: X
C30: Hito 1: seminarios 1 y 2 realizados (mes 6) | D30: Mes 6 | E30: Mes 6 | K30: X
C31: Hito 2: taller y seminario 3 realizados (mes 10) | D31: Mes 10 | E31: Mes 10 | O31: X
B32: Objetivo 4 (OE4): Proyectar la red: policy brief, artículo y propuesta conjunta | C32: 4.1 Redacción y diseño del policy brief bilingüe | D32: Mes 8 | E32: Mes 10 | M32: X | N32: X | O32: X
C33: 4.2 Redacción y envío del artículo a revista indexada | D33: Mes 9 | E33: Mes 12 | N33: X | O33: X | P33: X | Q33: X
C34: 4.3 Preparación de propuesta conjunta a financiamiento mayor | D34: Mes 10 | E34: Mes 12 | O34: X | P34: X | Q34: X
C35: 4.4 Presentación de resultados en un congreso | D35: Mes 11 | E35: Mes 12 | P35: X | Q35: X
C37: Hito 1: policy brief publicado (mes 10) | D37: Mes 10 | E37: Mes 10 | O37: X
C38: Hito 2: artículo sometido y propuesta conjunta presentada (mes 12) | D38: Mes 12 | E38: Mes 12 | Q38: X

Sheet RESUMEN PPTO
C3: CONCURSO DE FOMENTO A LA VINCULACIÓN INTERNACIONAL PARA INSTITUCIONES DE INVESTIGACIÓN CONVOCATORIA 2026
C6: Institución Beneficiaria | D6: Universidad de Santiago de Chile
C8: Nombre de la propuesta | D8: INTEEGRA-Saúde: salud, territorio y sustentabilidad en la atención primaria
C10: Investigador/a Responsable | D10: René André Garrido Lazo
F12: RESUMEN PRESUPUESTO
C13: MODALIDAD | D13: Item | E13: Sub Item | F13: Monto total solicitado a ANID ($) | G13: Aportes Institucionales ($) | H13: Monto Total del proyecto ($)
C14: MODALIDAD A: Pasantía/capacitación de perfeccionamiento de corta duración en el extranjero y/o acceso al uso de equipamiento científico y tecnológico, en instituciones extranjeras | D14: Gastos de operación | E14: Pasajes | F14: ='A - PASANTÍA-USO EQUIP'!D7 | G14: ='APORTES INSTUCIONALES'!E6 | H14: =F14+G14
E15: Seguro de viaje | F15: ='A - PASANTÍA-USO EQUIP'!D8 | G15: ='APORTES INSTUCIONALES'!E7 | H15: =F15+G15
E16: Viáticos | F16: ='A - PASANTÍA-USO EQUIP'!D9 | G16: ='APORTES INSTUCIONALES'!E8 | H16: =F16+G16
E17: Capacitación | F17: ='A - PASANTÍA-USO EQUIP'!D10 | G17: ='APORTES INSTUCIONALES'!E9 | H17: =F17+G17
E18: Otros | F18: ='A - PASANTÍA-USO EQUIP'!D11 | G18: ='APORTES INSTUCIONALES'!E10 | H18: =F18+G18
E19: Publicaciones | F19: ='A - PASANTÍA-USO EQUIP'!D12 | G19: ='APORTES INSTUCIONALES'!E11 | H19: =F19+G19
D20: Equipamiento | E20: Arriendo de equipos | F20: ='A - PASANTÍA-USO EQUIP'!D13 | G20: ='APORTES INSTUCIONALES'!E12 | H20: =F20+G20
E21: Equipamiento menor | F21: ='A - PASANTÍA-USO EQUIP'!D14 | G21: ='APORTES INSTUCIONALES'!E13 | H21: =F21+G21
D22: Subtotal ($) | F22: =SUM(F14:F21) | G22: =SUM(G14:G21) | H22: =SUM(H14:H21)
C23: MODALIDAD B: Atracción de investigadores/as o académicos/as de Instituciones Extranjeras | D23: Gastos en personal | E23: Honorarios | F23: ='B - ATRACCIÓN INVESTIGADORE'!D7 | G23: ='APORTES INSTUCIONALES'!E15 | H23: =F23+G23
D24: Gastos de operación | E24: Pasajes | F24: ='B - ATRACCIÓN INVESTIGADORE'!D8 | G24: ='APORTES INSTUCIONALES'!E16 | H24: =F24+G24
E25: Viáticos | F25: ='B - ATRACCIÓN INVESTIGADORE'!D9 | G25: ='APORTES INSTUCIONALES'!E17 | H25: =F25+G25
E26: Seguro de viaje | F26: ='B - ATRACCIÓN INVESTIGADORE'!D10 | G26: ='APORTES INSTUCIONALES'!E18 | H26: =F26+G26
E27: Otros | F27: ='B - ATRACCIÓN INVESTIGADORE'!D11 | G27: ='APORTES INSTUCIONALES'!E19 | H27: =F27+G27
E28: Publicaciones | F28: ='B - ATRACCIÓN INVESTIGADORE'!D12 | G28: ='APORTES INSTUCIONALES'!E20 | H28: =F28+G28
D29: Equipamiento | E29: Equipamiento menor | F29: ='B - ATRACCIÓN INVESTIGADORE'!D13 | G29: ='APORTES INSTUCIONALES'!E21 | H29: =F29+G29
D30: Subtotal ($) | F30: =SUM(F23:F29) | G30: =SUM(G23:G29) | H30: =SUM(H23:H29)
C31: MODALIDAD C: Realización de talleres o seminarios bilaterales y/o multilaterales. Asistencia a conferencias o seminarios | D31: Gastos de operación | E31: Difusión | F31: ='C - TALLERES O SEMINARIOS 2'!D7 | G31: ='APORTES INSTUCIONALES'!E23 | H31: =F31+G31
E32: Pasajes | F32: ='C - TALLERES O SEMINARIOS 2'!D8 | G32: ='APORTES INSTUCIONALES'!E24 | H32: =F32+G32
E33: Viáticos | F33: ='C - TALLERES O SEMINARIOS 2'!D9 | G33: ='APORTES INSTUCIONALES'!E25 | H33: =F33+G33
E34: Seguro de viaje | F34: ='C - TALLERES O SEMINARIOS 2'!D10 | G34: ='APORTES INSTUCIONALES'!E26 | H34: =F34+G34
E35: Seminarios / Congresos | F35: ='C - TALLERES O SEMINARIOS 2'!D11 | G35: ='APORTES INSTUCIONALES'!E27 | H35: =F35+G35
E36: Publicaciones | F36: ='C - TALLERES O SEMINARIOS 2'!D12 | G36: ='APORTES INSTUCIONALES'!E28 | H36: =F36+G36
E37: Otros | F37: ='C - TALLERES O SEMINARIOS 2'!D13 | G37: ='APORTES INSTUCIONALES'!E29 | H37: =F37+G37
D38: Subtotal ($) | F38: =SUM(F31:F37) | G38: =SUM(G31:G37) | H38: =SUM(H31:H37)
C40: TOTAL ($) | F40: =F38+F30+F22 | G40: =G38+G30+G22 | H40: =H38+H30+H22
B44: Notas:
B45: 1.- En los numerales 2.5.3 y 2.5.4 de las bases del consurso se encuentra la información o detalle de los ítems que se pueden solicitar a ANID.
B46: 2.- Esta hoja se autocompleta con la información ingresada en las hojas correspondientes a cada modalidad.
B47: 3.- El detalle de los gastos por modalidad se debe presentar en la respectiva hoja de este archivo, especificando los sub ítems por cada ítem financiable.
B48: 4.- El monto total solicitado a ANID no pdrá superar los $30.000.000.- de acuerdo con lo señalado en el numeral 2.5.1 de las bases concursales

Sheet A - PASANTÍA-USO EQUIP
B2: FINANCIAMIENTO SOLICITADO A ANID
B4: MODALIDAD A: Pasantía/capacitación de perfeccionamiento de corta duración en el extranjero y/o acceso al uso de equipamiento científico y tecnológico, en instituciones extranjeras
B6: Item | C6: Sub Item | D6: Monto total solicitado a ANID ($) | H6: JUSTIFICACIÓN DEL FINANCIAMIENTO SOLICITADO A ANID
B7: Gastos de operación | C7: Pasajes | D7: =SUMIF($B$23:$B$82,C7,$C$23:$C$82) | S7: Pasajes
C8: Seguro de viaje | D8: =SUMIF($B$23:$B$82,C8,$C$23:$C$82) | S8: Seguro de viaje
C9: Viático | D9: =SUMIF($B$23:$B$82,C9,$C$23:$C$82) | S9: Viático
C10: Capacitación | D10: =SUMIF($B$23:$B$82,C10,$C$23:$C$82) | S10: Capacitación
C11: Otros | D11: =SUMIF($B$23:$B$82,C11,$C$23:$C$82) | S11: Otros
C12: Publicaciones | D12: =SUMIF($B$23:$B$82,C12,$C$23:$C$82) | S12: Publicaciones
B13: Equipamiento | C13: Arriendo de equipos | D13: =SUMIF($B$23:$B$82,C13,$C$23:$C$82) | S13: Arriendo de equipos
C14: Equipamiento menor | D14: =SUMIF($B$23:$B$82,C14,$C$23:$C$82) | S14: Equipamiento menor
B16: Consideraciones
B17: Complete sólo las celdas destacadas en color
B18: Entiéndase por "Equipamiento menor" a aquellos bienes durables necesarios para la ejecución del proyecto.
B19: Clasifíquese en "Otros", lo que no esté considerado en las catagorias anteriores y corresponda a gastos de operación.
B20: Valor máximo de viático internacional diario por persona es de $250.000.-
B22: Sub Item | C22: Monto solicitado | D22: Justificación y detalle
B23: Pasajes | C23: 3000000 | D23: Actividad 5. Pasantía en Coimbra (ISEC-IPC, Portugal): 2 integrantes del grupo chileno (1 USACH, 1 UCM). 2 pasajes aéreos económicos Santiago–Coimbra (vía Lisboa/Porto), ida y vuelta, punto a punto, 2 × $1.500.000. ESTIMACIÓN: cotizar antes de enviar.
B24: Pasajes | C24: 5000000 | D24: Actividad 6. Pasantía en Luanda (UJPA, Angola): 2 integrantes del grupo chileno (USACH y UCM). 2 pasajes aéreos económicos Santiago–Luanda, ida y vuelta, 2 × $2.500.000. ESTIMACIÓN: cotizar antes de enviar.
B25: Seguro de viaje | C25: 120000 | D25: Actividad 5. Seguro de viaje, pasantía Coimbra: 2 personas × $60.000. ESTIMACIÓN.
B26: Seguro de viaje | C26: 120000 | D26: Actividad 6. Seguro de viaje, pasantía Luanda: 2 personas × $60.000. ESTIMACIÓN.
B27: Viático | C27: 2520000 | D27: Actividad 5. Pasantía Coimbra: 2 personas × 7 días × $180.000 por día (tope de viático internacional: $250.000 por persona y día).
B28: Viático | C28: 3200000 | D28: Actividad 6. Pasantía Luanda: 2 personas × 8 días × $200.000 por día (tope: $250.000 por persona y día).
B29: Otros | C29: 800000 | D29: Actividad 4. Software SIG, datos y licencias para el protocolo común y el análisis geoespacial del estudio comparado (Santiago, regiones asociadas, Luanda, centro de Portugal). ESTIMACIÓN.
C30: 0
C31: 0
C32: 0
C33: 0
C34: 0
C35: 0
C36: 0
C37: 0
C38: 0
C39: 0
C40: 0
C41: 0
... C82: 0

Sheet B - ATRACCIÓN INVESTIGADORE
B2: FINANCIAMIENTO SOLICITADO A ANID
B4: MODALIDAD B: Atracción de investigadores/as o académicos/as de Instituciones Extranjeras. | F4: JUSTIFICACIÓN DEL FINANCIAMIENTO SOLICITADO A ANID
B6: Item | C6: Sub Item | D6: Monto total solicitado a ANID ($)
B7: Gastos en personal | C7: Honorarios | D7: =SUMIF($B$25:$B$84,C7,$C$25:$C$84) | S7: Honorarios
B8: Gastos de operación | C8: Pasajes | D8: =SUMIF($B$25:$B$84,C8,$C$25:$C$84) | S8: Pasajes
C9: Viático | D9: =SUMIF($B$25:$B$84,C9,$C$25:$C$84) | S9: Viático
C10: Seguro de viaje | D10: =SUMIF($B$25:$B$84,C10,$C$25:$C$84) | S10: Seguro de viaje
C11: Otros | D11: =SUMIF($B$25:$B$84,C11,$C$25:$C$84) | S11: Otros
C12: Publicaciones | D12: =SUMIF($B$25:$B$84,C12,$C$25:$C$84) | S12: Publicaciones
B13: Equipamiento | C13: Equipamiento menor | D13: =SUMIF($B$25:$B$84,C13,$C$25:$C$84) | S13: Equipamiento menor
B15: Consideraciones
B16: Complete sólo las celdas destacadas en color
B17: Valor máximo por hora de docencia y/o investigación conjunta: a distancia $30.000 bruto / presencial $35.000 bruto .
B18: La cantidad minima de horas curso / taller /cátedra/investigación conjunta para el/la investigador/a extranjero es de 20 hrs.
B19: Sólo es posible otrogar viáticos y pasajes a investigadores/as que vengan de forma presencial.
B20: Valores máximos de viáticos: $150.000 nacional y $250.000 internacional
B21: Entiéndase por "Equipamiento menor" a aquellos bienes durables necesarios para la ejecución del proyecto.
B22: Clasifíquese en "Otros", lo que no esté considerado en las catagorias anteriores y corresponda a gastos de operación.
B24: Sub Item | C24: Monto solicitado | D24: Justificación y detalle
C25: 0
C26: 0
C27: 0
C28: 0
C29: 0
C30: 0
C31: 0
C32: 0
C33: 0
C34: 0
C35: 0
C36: 0
... C84: 0

Sheet C - TALLERES O SEMINARIOS 2
B2: FINANCIAMIENTO SOLICITADO A ANID
B4: MODALIDAD C: Realización de talleres o seminarios bilaterales y/o multilaterales. Asistencia a conferencias o seminarios. | F4: JUSTIFICACIÓN DEL FINANCIAMIENTO SOLICITADO A ANID
B6: Item | C6: Sub Item | D6: Monto total solicitado a ANID ($)
B7: Gastos de operación | C7: Difusión | D7: =SUMIF($B$20:$B$79,C7,$C$20:$C$79) | S7: Difusión
C8: Pasajes | D8: =SUMIF($B$20:$B$79,C8,$C$20:$C$79) | S8: Pasajes
C9: Viático | D9: =SUMIF($B$20:$B$79,C9,$C$20:$C$79) | S9: Viático
C10: Seguro de viaje | D10: =SUMIF($B$20:$B$79,C10,$C$20:$C$79) | S10: Seguro de viaje
C11: Seminarios / Congresos | D11: =SUMIF($B$20:$B$79,C11,$C$20:$C$79) | S11: Seminarios / Congresos
C12: Publicaciones | D12: =SUMIF($B$20:$B$79,C12,$C$20:$C$79) | S12: Publicaciones
C13: Otros | D13: =SUMIF($B$20:$B$79,C13,$C$20:$C$79) | S13: Otros
B15: Consideraciones
B16: Complete sólo las celdas destacadas en color
B17: Clasifíquese en "Otros", lo que no esté considerado en las catagorias anteriores y corresponda a gastos de operación
B19: Sub Item | C19: Monto solicitado | D19: Justificación y detalle
B20: Pasajes | C20: 1500000 | D20: Actividad 10. Visita a Chile de un/a investigador/a del IPC (Portugal) para ponencias y taller en Santiago y una región asociada: pasaje aéreo económico ida y vuelta. ESTIMACIÓN: cotizar.
B21: Pasajes | C21: 2200000 | D21: Actividad 10. Visita a Chile de un/a investigador/a de la UJPA (Angola): pasaje aéreo económico ida y vuelta. ESTIMACIÓN: cotizar.
B22: Viático | C22: 2400000 | D22: Actividad 10. 2 investigadores/as extranjeros/as × 8 días × $150.000 por día (tope de viático nacional $150.000/día; máximo 10 días). Alojamiento y manutención en Santiago y una región asociada.
B23: Seguro de viaje | C23: 120000 | D23: Actividad 10. Seguro de viaje de los 2 investigadores/as extranjeros/as: 2 × $60.000. ESTIMACIÓN.
B24: Otros | C24: 300000 | D24: Actividad 11. Traslado terrestre a la región asociada (ida y vuelta) para la jornada territorial. ESTIMACIÓN: ajustar según destino (con Biobío probablemente sube).
B25: Difusión | C25: 1500000 | D25: Actividad 8, 9 y 12. Tres seminarios virtuales bilingües español–portugués: plataforma de videoconferencia, transmisión en vivo e interpretación simultánea ES–PT (3 × $500.000). ESTIMACIÓN: cotizar.
B26: Seminarios / Congresos | C26: 2000000 | D26: Actividad 11. Taller presencial en Santiago y jornada territorial en una región asociada con las instituciones nacionales asociadas: arriendo de sala, materiales y difusión. No incluye alimentación ni honorarios de organización.
B27: Seminarios / Congresos | C27: 800000 | D27: Actividad 16. Inscripción de integrantes del grupo chileno a un congreso para presentar resultados del estudio. ESTIMACIÓN.
B28: Publicaciones | C28: 1200000 | D28: Actividad 13. Diseño, traducción ES–PT y difusión del policy brief bilingüe. ESTIMACIÓN.
B29: Otros | C29: 1500000 | D29: Actividad 3. Gastos de administración ligados a la gestión del proyecto. VERIFICAR en numeral 2.5.4 de las bases que sean financiables antes de enviar.
C30: 0
C31: 0
C32: 0
C33: 0
C34: 0
C35: 0
C36: 0
C37: 0
C38: 0
C39: 0
C40: 0
C41: 0
... C79: 0

Sheet APORTES INSTUCIONALES
B2: Detalle los aportes de la Institución Beneficiaria, Nacional Asociada y Asociada Extranjera como un solo total por cada subítem. Recuerde que estos aportes son voluntarios
B3: Complete sólo las celdas destacadas en color
B5: MODALIDAD | C5: Item | D5: Sub Item | E5: Aportes institucionales
B6: MODALIDAD A: Pasantía/capacitación de perfeccionamiento de corta duración en el extranjero y/o acceso al uso de equipamiento científico y tecnológico, en instituciones extranjeras | C6: Gastos de operación | D6: Pasajes
D7: Seguro de viaje
D8: Viatico
D9: Capacitación
D10: Otros
D11: Publicaciones
C12: Equipamiento | D12: Arriendo de equipos
D13: Equipamiento menor
C14: Subtotal ($) | E14: =SUM(E6:E13)
B15: MODALIDAD B: Atracción de investigadores/as o académicos/as de Instituciones Extranjeras | C15: Gastos en personal | D15: Honorarios
C16: Gastos de operación | D16: Pasajes
D17: Viatico
D18: Seguro de viaje
D19: Otros
D20: Publicaciones
C21: Equipamiento | D21: Equipamiento menor
C22: Subtotal ($) | E22: =SUM(E15:E21)
B23: MODALIDAD C: Realización de talleres o seminarios bilaterales y/o multilaterales. Asistencia a conferencias o seminarios | C23: Gastos de operación | D23: Difusión
D24: Pasajes
D25: Viatico
D26: Seguro de viaje
D27: Seminarios / Congresos
D28: Publicaciones
D29: Otros
C30: Subtotal ($) | E30: =SUM(E23:E29)
B32: TOTAL ($) | E32: =E30+E22+E14

Sheet Hoja1

Sheet Hoja2
